"001 Enfermedades infecciosas intestinales","002 Tuberculosis y sus efectos tardíos","003 Enfermedad meningocócica","004 Septicemia","005 Hepatitis vírica","006 SIDA","007 VIH+ (portador, evidencias de laboratorio del VIH,...)","008 Resto de enfermedades infecciosas y parasitarias y sus efectos tardíos","009 Tumor maligno del labio, de la cavidad bucal y de la faringe","010 Tumor maligno del esófago","011 Tumor maligno del estómago","012 Tumor maligno del colon","013 Tumor maligno del recto, de la porción rectosigmoide y del ano","014 Tumor maligno del hígado y vías biliares intrahepáticas","015 Tumor maligno del páncreas","016 Otros tumores malignos digestivos","017 Tumor maligno de la laringe","018 Tumor maligno de la tráquea, de los bronquios y del pulmón","019 Otros tumores malignos respiratorios e intratorácicos","020 Tumores malignos del hueso y de los cartílagos articulares","021 Melanoma maligno de la piel","022 Otros tumores malignos de la piel y de los tejidos blandos","023 Tumor maligno de la mama","024 Tumor maligno del cuello del útero","025 Tumor maligno de otras partes del útero","026 Tumor maligno del ovario","027 Tumores malignos de otros órganos genitales femeninos","028 Tumor maligno de la próstata","029 Tumores malignos de otros órganos genitales masculinos","030 Tumor maligno del riñón, excepto pelvis renal","031 Tumor maligno de la vejiga","032 Otros tumores malignos de las vías urinarias","033 Tumor maligno del encéfalo","034 Otros tumores malignos neurológicos y endocrinos","035 Tumor maligno de sitios mal definidos, secundarios y de sitios no especificados","036 Tumores malignos del tejido linfático, de los órganos hematopoyéticos y de tejidos afines, excepto leucemia","037 Leucemia","038 Tumores in situ","039 Tumores benignos","040 Síndrome mielodisplásico","041 Otros tumores de comportamiento incierto o desconocido","042 Enfermedades de la sangre y de los órganos hematopoyéticos","043 Ciertos trastornos que afectan al mecanismo de la inmunidad","044 Diabetes mellitus","045 Otras enfermedades endocrinas, nutricionales y metabólicas","046 Trastornos mentales orgánicos, senil y presenil","047 Trastornos mentales debidos al uso de alcohol","048 Trastornos mentales debidos al uso de drogas (drogodependencia, toxicomanía)","049 Otros trastornos mentales y del comportamiento","050 Meningitis (otras en 003)","051 Enfermedad de Alzheimer","052 Otras enfermedades del sistema nervioso y de los órganos de los sentidos","053 Enfermedades cardíacas reumáticas crónicas","054 Enfermedades hipertensivas","055 Infarto agudo de miocardio","056 Otras enfermedades isquémicas del corazón","057 Insuficiencia cardíaca","058 Otras enfermedades del corazón","059 Enfermedades cerebrovasculares","060 Aterosclerosis","061 Otras enfermedades de los vasos sanguíneos","062 Influenza (gripe) (incluye gripe por virus de la influenza pandémica o zoonótica identificados)","063 Neumonía","064 Enfermedades crónicas de las vías respiratorias inferiores (excepto asma)","065 Asma","066 Insuficiencia respiratoria","067 Otras enfermedades del sistema respiratorio","068 Úlcera de estómago, duodeno y yeyuno","069 Enteritis y colitis no infecciosas","070 Enfermedad vascular intestinal","071 Cirrosis y otras enfermedades crónicas del hígado","072 Otras enfermedades del sistema digestivo","073 XII.Enfermedades de la piel y del tejido subcutáneo","074 Artritis reumatoide y osteoartrosis","075 Osteoporosis y fractura patológica","076 Otras enfermedades del sistema osteomuscular y del tejido conjuntivo","077 Enfermedades del riñón y del uréter","078 Enfermedades de los órganos genitales masculinos","079 Enfermedades de los órganos genitales femeninos y trastornos de la mama","080 Otras enfermedades del sistema genitourinario","081 XV.Embarazo, parto y puerperio","082 XVI.Afecciones originadas en el periodo perinatal","083 Malformaciones congénitas del sistema nervioso","084 Malformaciones congénitas del sistema circulatorio","085 Otras malformaciones congénitas, deformidades y anomalías cromosómicas","086 Paro cardíaco, muerte sin asistencia y otra causa desconocida de mortalidad","087 Senilidad","088 Muerte súbita infantil","089 Resto de síntomas, signos y hallazgos anormales clínicos y de laboratorio, no clasificados en otra parte","090 Accidentes de tráfico","091 Otros accidentes de transporte","092 Caídas accidentales","093 Ahogamiento, sumersión y sofocación accidentales","094 Accidentes por fuego, humo y sustancias calientes","095 Envenenamiento accidental por psicofármacos y drogas de abuso","096 Otros envenenamientos accidentales","097 Otros accidentes","098 Suicidio y lesiones autoinfligidas","099  Agresiones (Homicidio)","100 Eventos de intención no determinada","101 Complicaciones de la atención médica y quirúrgica","102 Otras causas externas y sus efectos tardíos"
4.00136115555959,1.31731399430816,0.0750843064317879,13.4432365602294,2.50462373309641,3.08160450547098,0,5.57155537807655,15.2810312481599,13.9181235698105,28.4135598030089,64.7051748654487,23.3393471467395,33.2928284573058,34.212142652914,11.300409882727,10.6036941445621,155.671836289198,3.07799954251832,1.53611480222585,5.56603275612782,9.48605627556125,0.748663271614596,0,0,0,0,57.7956017750787,1.6709661751132,13.5984137539987,34.3363273959071,12.8833449503138,15.4200413445699,2.43974328699564,25.3124999256769,26.5194636238859,18.736472845389,0.0593631275255635,2.43960289596079,6.2369969584359,13.2496074367465,7.79240385343727,1.00202473059166,43.1851743479071,15.0329600849638,77.376769260236,1.86304422150441,0.218511493800541,2.18555286842042,0.533953544327116,44.7035197014177,57.0112153501204,4.70056171717028,39.3631480659143,79.5703845552188,92.1579321203959,75.724783321902,106.71048007494,110.21803053905,5.9708660731878,25.7642612792288,6.72247898271229,49.4541931804058,97.0755757144698,1.55422315737087,9.0639913818404,101.29224833541,2.78490227967214,1.14449330203705,11.8644656585752,29.9186474455312,65.2643102280549,6.38941716080459,1.16383514448322,10.5329837761093,6.09941158600042,37.6087363862936,3.07816565139671,0,23.2476783621081,0,2.92331349034025,0.274880987660775,1.11066301089895,2.36472458941042,25.4352343967304,5.57625550926986,0.317085580543401,16.6912238557432,13.3910370457943,1.74283551061818,17.4649387205362,16.4263834350684,1.1560082717323,5.10699695821596,1.13634389079352,11.2146938274998,25.5402203166378,1.68229991247315,0.616519164869824,1.19895092205421,0.505526284011467
15.4798521610482,5.51519741037848,0.338018876837131,55.6700795684828,11.0901284488863,14.3651611127168,0,24.1232566316238,73.1770825904218,66.7641441029369,130.021553821147,288.861564541098,106.076524572226,157.554889151059,162.807718260353,50.7794093208079,50.0918076847509,748.367736293142,14.5845018935615,7.06954323580997,25.2905678335839,41.0340800055791,3.38029762100168,0,0,0,0,236.90632898781,7.61837778991038,61.9285506407853,146.787989707016,58.7288381977142,74.6347744205793,11.5213776689728,113.450576176114,120.230691995309,83.0981565446715,0.24721907262515,10.3233941896806,25.1981494397979,55.7786885651605,30.5049707306135,4.70243773121512,176.479113871257,63.7486956318279,283.839025375114,8.99285176201022,1.03281181120534,10.184132749418,2.4627405189806,172.161264378602,248.803532805465,20.3238208915463,148.546900948434,353.021897858735,388.562524929501,287.676501426373,437.975060256778,454.2476661365,22.2286515036906,114.238002813349,27.8987291495812,190.120435800562,400.364203575469,6.47791314985739,36.1190869648934,395.515683303538,12.0517151696546,4.90793606674673,49.2454502781809,144.139642219763,268.529236994241,25.1561783550274,4.86058680287514,36.2073464289891,26.1334264066255,145.129534238383,11.6673995170267,0,87.6820236356035,0,13.8606205583474,1.29416963980182,5.23639200172321,11.1114264410154,111.250195263932,18.2942877619695,1.50561070149958,69.6620734460188,62.2694194406087,8.38728705812929,73.0111084581838,68.1210237638146,5.37929599667296,23.6047859037633,5.26015935613919,47.5253218461594,119.565268888381,7.84867988165782,2.89124430779987,5.51195568602868,2.45486499954275
4.5365744565786,1.73439907347296,0.135417880567472,16.4422970133547,3.65969409374257,5.31421819665592,0,7.2986859776561,23.2004317327384,20.9031537998152,39.5343011481832,85.7487636443129,32.0230437308154,48.2960187311504,49.8931602959525,15.2576519491893,15.419035901982,227.963011377413,4.46679078659366,2.46977103879543,7.90977922915762,12.5414697536473,1.02299621640704,0,0,0,0,68.2705000711778,2.45370053243776,19.0713788424544,42.735049867264,17.2903752452228,24.507274690758,3.60487480720429,34.3433010947399,36.0844591028611,24.9001786031686,0.0713754842699311,3.10002123170285,7.22426143483043,16.57482224597,9.17816280194277,1.49859135672166,51.6580475374599,19.5082687923748,81.9942613047638,2.9084075126673,0.402794190634346,3.17629770479,0.797138341011489,49.0647078742195,74.912555428826,5.92382494157397,43.5773023296837,108.098018289249,116.030112254822,86.0163503613429,131.444028321114,133.773084969597,6.40071121090972,34.530375858984,8.37362831578072,55.9319964393879,115.506847595842,2.03379801450596,10.9748815543394,117.644356635457,3.69830274344641,1.46833984480622,14.344505252231,46.2857692996835,80.3703190279603,7.3117708675707,1.42059801294812,10.5841090327361,7.78475112438221,42.2203277008881,3.43381613123263,0,25.4887336216386,0,6.6982125050708,0.536335279924395,2.20753332471843,4.22713927010022,36.2959171664859,5.49921932728683,0.731676179727467,22.444809865331,23.6883902888252,3.09465264649683,22.567604703854,21.5178589008715,1.79725991694515,9.29258533618428,2.00826747158765,15.3268683344051,43.7582096906875,3.15267650504983,1.11425383261778,1.69613102061082,0.83288812374135
3.11420603991706,1.06729745627373,0.0618854601377471,10.9276085636768,2.09105879008743,2.61752656961033,0,4.65713967417203,13.5763288507086,12.3806433626976,24.5491831783189,55.0904465188617,20.1181874242628,29.3940879123803,30.3210358636813,9.66020693898349,9.36110197655044,139.220261641926,2.71468996282382,1.28350369260104,4.76140002884592,7.87039101785574,0.644212588124298,0,0,0,0,46.7059309610602,1.42302401757611,11.7124628624295,28.499249070068,11.1188139725924,13.7298680408092,2.14077927003174,21.6194784606016,22.7281507410486,15.8457645361978,0.0473702243928809,1.9998237517172,4.98785211561158,10.8685144072753,6.10262893142288,0.873526454393745,34.8393702595061,12.3829717561068,58.4435916038257,1.65790187230925,0.185743882794758,1.91583205786316,0.462574753370493,34.8186875484809,47.7217643714367,3.91960079319776,30.2173722829454,67.3148536176451,75.6450083876144,58.288706155922,86.1109655672112,89.1581471275746,4.53461782682604,21.8412478411205,5.46529632948986,38.3412199193965,78.7195443197384,1.25721949868918,7.16724000017535,79.1675764646878,2.3154506817982,0.949626646168484,9.65084016750002,26.5879626245586,52.7223383898849,5.03309829895984,0.952069866472962,7.65532401470911,5.05644449767449,29.2706749188704,2.37314267107513,0,17.8615867378428,0,2.6941494264124,0.235799331648493,0.977957910474635,2.05462746035497,21.1786472283029,3.89178697712539,0.294624272644014,13.4991107187316,11.1122427311491,1.49710569254183,14.1707036566654,13.2390767984148,0.989212348200476,4.24958060310437,0.953342379881214,9.12594976841463,21.6751541197722,1.38821992544946,0.514019020888301,1.03257145802779,0.450604067875583
12.0358629647732,3.90049296036552,0.182916828561759,40.8889228221385,7.35195720139461,8.47871537278334,0,16.9967872911195,47.75788771282,43.4607059940697,87.9979644008679,200.572403847661,72.5650433282895,104.186201065117,107.17772333742,34.9728384762344,33.4405103047934,494.058936564145,9.56529552791161,4.26876881997053,16.7837983948128,28.5954457451598,2.33862788935776,0,0,0,0,176.403245172155,5.01505558872199,42.0326298012485,105.817945297776,40.2008780398353,46.9660529378063,7.43886601992006,78.4645639672584,81.4405386447979,57.2258370849358,0.181967416753649,7.41695862382073,18.8905925006924,40.3029117119506,23.2843822584562,3.0310752994239,131.596060755421,45.3122074394378,231.383811153866,5.73784716771131,0.575257166450461,6.81298704123965,1.61802996960884,134.299723070222,172.947088881629,14.47510697386,118.642608974593,243.886804262633,281.39989084668,226.243564139712,323.006749769093,334.353987298417,17.7899106221235,79.5692132823091,20.3823274092188,148.584847140659,296.531483697969,4.59851355703241,27.2235015545648,303.75439387353,8.42987011980797,3.47799328351739,36.1226538586082,92.3174319864845,197.539265296029,19.2505302294852,3.58993987980038,31.1871490580843,18.6159688312544,113.314559379404,9.27404253037632,0,69.8487028235896,0,5.61813210274177,0.615579187594795,2.58553731764543,6.4245160690434,75.6975706484303,16.5596341423224,0.60371703192503,49.4266493218686,35.3028264908327,4.81414385461336,51.8608895074735,48.6436155203909,3.34990872201806,13.2504086022924,3.01686045813327,32.7860360058177,70.472915905969,4.28328058271072,1.61189275699231,3.65121000385547,1.52810265522492
2.50495768230868,0.747219833860336,0.0315489750969854,8.05254981115025,1.30008396556188,1.35614838547587,0,3.20511507988594,8.0689729548712,7.37072318199956,15.7131593048138,37.0565596829655,13.1028607462638,18.0360673482421,18.4933984460176,6.40254960259918,5.79663713446246,84.6228139042031,1.66766629892467,0.74239255474847,3.00771558598428,5.42575674622124,0.424707903401343,0,0,0,0,35.2020181477067,0.908370230387437,7.52188056022102,20.365284737488,7.31276618984272,7.77263370357417,1.28717887896852,14.369055747724,14.7777950783042,10.6668725944064,0.0368958001772074,1.44221513206548,3.80068500611304,7.82269931658922,4.82326595275656,0.53684889227462,26.2385670976233,8.74332898393476,50.2694836618025,0.94900173820506,0.0894990093810812,1.19112504750542,0.280069434986564,27.9435620836277,32.471328638722,2.77405565656708,25.343423512949,44.8966485987464,54.557076240655,47.674988780588,63.9720143489722,66.2161844665897,3.82377728589526,14.7435599752028,3.98924221774563,31.1381454017594,58.9818316552313,0.894645366354231,5.52066444685057,62.9539144507175,1.57311528463347,0.655295612316525,7.12217160292876,15.3733309034344,39.0753418859711,3.95189611881073,0.704697519363833,7.08116260859952,3.55983913425753,23.7378177120726,1.96465096956735,0,14.8831261375133,0,0.94478484865164,0.106015445772385,0.437039105949069,1.0605450268951,13.917147152638,3.99678951305693,0.101686448282561,9.5599657437705,5.83657836733709,0.775178863080377,10.0798587139448,9.56184812625114,0.580536493723481,2.14823767408855,0.492818179688214,6.24694435494939,11.6347608242843,0.691265332240419,0.258382348342893,0.647890751260191,0.248529522709688
6.16863369554484,2.12174387224141,0.128780557387354,21.4017708518512,4.19981994750597,5.29000518825099,0,9.0838336071218,26.402607580432,23.9977638489727,47.6957981016698,106.837449336432,38.983179646063,56.9027387202398,58.5258702168421,18.7317219522272,18.1467675752437,267.926157819978,5.2236556957638,2.58815840882449,9.2626884311187,15.4073091964647,1.24637767609634,0,0,0,0,91.4071294003973,2.76943474036324,22.800075054473,55.4511886529837,21.4514086086823,26.679182066696,4.13216341575682,41.9987185190047,44.1107090484007,30.7641256676403,0.0930121370683105,3.91205692050034,9.79994110202008,21.2651197171267,12.0535503570062,1.68654117789002,68.3291121501451,24.2089927978069,116.183899296222,3.23994368809146,0.377979200746862,3.70511493177243,0.911195454352389,68.8626929464746,93.0652899053859,7.59400111244275,59.7701243384937,131.375565016414,148.073522964866,115.778208634904,169.31273044694,174.90521207471,9.01522960087419,42.4420064054428,10.7424666090454,75.9423074987221,153.839844115786,2.4818603097888,14.2090704266754,156.495282333952,4.55470796977737,1.86480675087404,18.8875542069162,51.864437667898,103.608956842063,9.92992565677296,1.85895733715974,15.3578628955029,9.86388471356696,57.7776000777293,4.69126306012885,0,35.326028858397,0,5.04757141799676,0.470099896354768,1.89425292394609,4.08241554821872,41.8521337569468,7.8130880206734,0.547471252671212,26.7456307129704,22.8238033432708,3.0181040649726,27.9559837407086,26.1801301004179,1.95473550890622,8.6257410596583,1.91517021240825,18.1125289897582,43.4324350994293,2.88243952378657,1.05463422752312,2.01309108149394,0.878340384352108
47.2688556168254,16.3914134609506,1.02439735407594,164.984969395247,32.1168943160827,41.9656827311152,0,70.3255575841923,204.516968926419,186.15799762678,368.905642813325,826.028188493729,301.739660440757,440.243226292931,454.216611456759,145.199051653596,140.116221600435,2077.04826660916,40.874851509316,20.6407966417313,72.5072451489461,119.875266132621,9.68844611772905,0,0,0,0,701.94790528768,22.0376452303434,176.481697022188,426.984659728365,166.082015795406,210.152637609459,32.4980529909413,324.904383134525,342.247704741889,239.414309861566,0.722446271060189,30.3592454266343,75.0405891536705,164.191447735469,93.2070141727083,13.3347153128268,525.100786779642,188.027745325269,889.348015867828,25.1247360294928,3.0658386003017,28.9125738040703,7.01448278378114,525.031303981751,721.70926972495,58.8776828652378,459.86443030934,1017.08987601814,1141.87344722452,890.308328516685,1305.60223189249,1346.57931399236,68.9180901497686,329.066007062711,82.8218324646497,582.964825735859,1183.14381453589,19.371875725021,109.398285965531,1206.85558786028,35.0455147419888,14.3094839229632,145.233184230648,402.167590013584,798.896376859071,76.0521339974957,14.3010993614711,117.478358994118,76.2301367271853,443.764031618596,36.0693476615875,0,271.264850467936,0,44.5413441700528,3.93140734922977,16.1038301288903,32.692122287762,327.122230853382,61.0376554607729,4.85075441501614,209.074342610191,185.401136976101,24.4812007745345,217.188713958088,204.399659396642,15.5112464817576,71.4311554022904,15.7807419056966,141.852861748784,352.011612041304,23.676428034948,8.59148921724562,15.6449808580663,6.98983571475649
11.6997809796953,3.93387368098504,0.211297167393915,40.4599850071223,7.62364633596393,9.24675506797784,0,17.066163411235,48.9738802257652,44.5946650397667,89.2970974844305,201.456141353386,73.3058675228578,106.27219806083,109.40768538886,35.2320437463706,33.9444637761649,502.587357327072,9.77323504715893,4.56130509125812,17.2136776956889,28.7718246307808,2.35094303836051,0,0,0,0,173.659962507217,5.10357023210481,42.6236025674411,105.140890260018,40.5082423046876,48.9573094903374,7.67984491837786,78.9004223354272,82.6662337603,57.7427241183391,0.175675607147063,7.35514505198824,18.6166350393557,40.105592306192,22.7263008522981,3.11333697584641,129.509418521671,45.3638586801504,221.439198916658,5.95670623574278,0.64537873541629,6.92065141040606,1.67222219797387,131.135215202011,174.510324507795,14.3957987422536,113.737684937986,245.858363100828,279.221079392564,219.012048156492,319.05712633653,330.548273458792,17.1546906188497,79.8162006501651,20.2171248355986,143.954384939069,292.154006287915,4.61283628740785,26.6792520726543,295.822143651752,8.5092857755093,3.50521479990014,35.7579058068911,95.5406328941514,195.296941358875,18.8380892849526,3.53203042618559,29.3200966486483,18.5945893477331,109.816407206186,8.92985839829081,0,67.2753495241075,0,7.89421576380207,0.758063250832341,3.13886682119576,7.08503559226054,76.9704873839807,14.9103092242667,0.856897046171494,49.4816950679638,38.8330617668684,5.23732919881902,52.0644632199744,48.5430101282653,3.51756929450587,14.7049199578205,3.31939582413131,33.2787974712077,76.1264698154255,4.80034428735265,1.79251036336027,3.73941916458383,1.60130306542687
4.54065264410907,1.43048485133615,0.0688251301668746,15.0548349686266,2.63232235271762,3.0074863322467,0,6.1694779091455,16.7878847614529,15.2644394045608,31.238188555859,72.0564710438166,25.9004179837961,36.6896441051074,37.7431970290814,12.5433194756866,11.7967559415302,173.275685735967,3.38536865228626,1.54834162829628,6.01869769486826,10.4534473941304,0.835366230173059,0,0,0,0,65.1129849738523,1.82281839489012,14.9857452095632,38.5407128412323,14.3381205583246,16.4889037761187,2.63751295220503,28.1967693292961,29.0260305938129,20.6652607830797,0.0679074570148139,2.72521762269242,6.97974237279007,14.7428364786617,8.84529685780078,1.09449908633707,48.7052115465701,16.6832871807198,89.0138351933822,2.00740224292979,0.205275279562899,2.4110231599227,0.568914260267346,50.2644177826598,62.591702440679,5.27507235561664,45.5367544428553,87.9854667427425,103.321938329571,86.2561314373261,119.786865939467,123.511235343385,6.80668607752492,28.7094324361064,7.49612800256327,56.3656555472739,109.40423739386,1.69993973745607,10.2180018898211,114.866172258694,3.05773707470159,1.25390806497961,13.2956534703069,32.3683390106762,73.1847783790924,7.21177276201922,1.32113244107322,12.3121401422848,6.7919469109556,42.9303912091593,3.54484323196244,0,26.6909942716653,0,2.33711955663161,0.238909447120238,0.994461934776457,2.33349209583265,27.5371769140236,6.85425152702127,0.252698964818635,18.3676441776865,12.6991178312735,1.70835266865828,19.1489629454561,18.1404857552406,1.19823342155762,4.75975987663892,1.07857277914757,12.0685902427746,25.1322440341751,1.54433177599475,0.576270273655784,1.29641604236562,0.537554596254932
4.88066678505167,1.54831283768736,0.0763393582851061,16.1197719689701,2.88948125342139,3.31525806896696,0,6.60086873695003,17.9091356451751,16.2859346969837,33.4556304736335,76.9953461928198,27.6422695410184,39.17916072392,40.2218566568759,13.3912531314393,12.5679260436734,184.011852852708,3.60952729265467,1.6833147418327,6.45396656415036,11.18730968723,0.887929457439958,0,0,0,0,69.8081062525729,1.94107711254747,16.0235534192933,41.2044760386506,15.3042672035227,17.6157252079444,2.82169291933998,30.062935310116,31.1503324398985,22.103261987581,0.0738675343638638,2.91918003802347,7.52741532114116,15.8346362272693,9.42761615986106,1.16348905343364,52.1101086869729,17.8278122860915,95.2669803914865,2.1555615809568,0.228466678383468,2.56314832793021,0.617167236390736,54.1566375514959,67.181701765626,5.63694618398835,48.5452099742768,94.2002232518583,110.623183374299,92.3478372327307,128.211770876445,132.509006707045,7.33144752280191,30.6398015917598,8.03733068867952,60.374832567276,117.172813856825,1.83099715339748,10.9431974397081,123.019910526552,3.2888882469793,1.35209977122793,14.2519341808819,34.7094287206218,78.4308314284272,7.73833035396099,1.41173913776668,13.144573308436,7.26814265948467,45.9037280481909,3.77769540896071,0,28.5017916626791,0,2.39632198525913,0.258851177347136,1.05249916733617,2.52015876265865,29.6002782294106,7.25082400955032,0.257287436284078,19.6770990303656,14.0186222707365,1.8574189601239,20.5653595663041,19.4416417459037,1.29711328442517,5.25092970352124,1.18161870411332,13.0015906028629,27.3822585125323,1.71743914905911,0.639331567689942,1.39688435089568,0.570699831502974
7.81775718326876,3.06245254452683,0.225664615905064,29.1287788326161,6.64893839481524,9.41913437090107,0,13.1229858893939,43.1410859661795,38.9752614941859,72.8070518141444,157.064530213697,58.9329743915147,89.9995810004343,93.0767713479918,27.9208113431305,28.7075971825767,427.185782360393,8.26405075227263,4.33812231559199,14.3638928111812,22.3966698682377,1.86377940002582,0,0,0,0,121.36350920714,4.33753090769193,34.9529268935701,77.2655438541259,31.9825302772756,44.902893261059,6.6491985643391,62.7165046891637,66.1932189855906,45.1743164448146,0.125401379934062,5.48023646781897,12.8196752859071,29.5440370653529,15.7047715805593,2.70199887854346,91.348359818792,34.5264292066067,137.133936938003,5.41834380966263,0.695944809600974,5.81691988447641,1.4451677207953,85.1698344539756,135.139696120678,10.7211161435665,73.6408271276738,196.342894777974,207.38783910486,145.738731027785,231.425111404765,237.229671982346,10.8690114427994,62.6581398878355,14.8001649463661,95.7013662482223,205.64020980785,3.52955076943241,18.95407154771,201.810984687367,6.69238990464919,2.65464309684208,25.609502478967,86.2066168989767,141.867031058142,12.7555866574031,2.53942634152631,16.9896269999391,14.0051238269501,72.5025867810126,5.83029024403967,0,43.2413088529322,0,9.88915930633254,0.863294168660039,3.50176070362082,7.21897719695958,63.980180363619,8.25599280125403,1.07584854343784,38.8272031832331,39.9840350436989,5.36105260261041,39.5899022113277,37.1138187218034,3.19267128646482,15.4091950301159,3.38530565722832,26.6268701090673,75.323693191623,5.18701171053298,1.89959959189813,3.11445499172942,1.51110637525423
5.77926085792604,1.94924813915602,0.104464761414876,19.8809167341042,3.79108626274241,4.6661916540084,0,8.39159480156189,24.4254529321556,22.1399053061948,43.9666653764217,98.9613670762084,36.1001768357601,52.4852127373211,54.0413554884562,17.3406631156212,16.860314027231,248.715017785691,4.8149543569385,2.28140817787486,8.47824761663979,14.1839951652265,1.15997951415399,0,0,0,0,85.0052601716086,2.54651973939015,21.0815039490152,51.4885518699432,19.8484356162325,24.4415983276862,3.78680702926464,38.9541644929213,40.4634560936806,28.2985330916296,0.0880334357157239,3.63335574213233,9.07816877170796,19.6784598016495,11.2861605970884,1.54587305203585,63.6831452846932,22.3984989337527,109.660496554609,2.96793305855952,0.326813647095463,3.43544103835248,0.827719741381658,63.9286456350431,85.4840860628884,7.05829664199106,56.6736141243455,121.560490233127,137.761163275629,108.89735194697,157.676478730741,162.426240596696,8.45383580474168,39.4081041990546,9.96708743371705,71.324389855352,143.076088857823,2.28426374406349,13.2713435125658,146.609401225118,4.19915522458294,1.71091528185131,17.5155700639983,47.6175936109144,96.4069875712351,9.25056556396948,1.74150894580365,14.6823606290617,9.13301304906064,54.2317417250695,4.43845084120859,0,33.3016258198044,0,3.76420591249017,0.369719965324077,1.54085485317691,3.55979930128855,38.4701221994271,7.77740560177859,0.406930812140947,24.7896524080708,19.5615588830133,2.64266527356806,25.6679861911366,24.180221620638,1.74555267514286,7.44809758915479,1.67529257349879,16.5057011631641,38.2835120543382,2.44184099706812,0.907115034487553,1.84007862301412,0.80505313084402
5.16285123546957,1.78924220656199,0.107447602761653,18.0326931660965,3.53386766589358,4.55400131759893,0,7.69005462858153,22.4881489384183,20.4618418099743,40.4604324565921,90.5135186128417,33.108020899532,48.382734415087,49.9008443056918,15.9033177251829,15.4097115458394,228.322786454963,4.46788572523912,2.21094945551991,7.91499290326187,13.0638580625697,1.05913448341064,0,0,0,0,76.814823090516,2.37666029960533,19.3559208643736,46.7883209201552,18.2094385794248,22.9258393113629,3.54997729937531,35.6277708674997,37.4333441932621,26.1222801420943,0.0780676341153908,3.30752114403899,8.21244814319521,17.9370544245027,10.1530894257727,1.44719308568639,57.461019187267,20.5078144707505,96.997741883478,2.76292231073455,0.325759798163981,3.16363631282795,0.768327052716935,57.4556073908967,78.8147706863279,6.43676211712591,50.1554650572517,111.423463401454,125.007289911479,97.1019608552452,142.714363739554,147.26742584772,7.5246127957344,36.0156563852562,9.04666809855405,63.6348647231108,129.442821435409,2.10030289898796,11.9325283758782,131.521210341562,3.84676125809677,1.56803334048157,15.8974907928599,44.2394814163114,87.3440353042275,8.32238448551459,1.56577399691688,12.7937300547805,8.34533454901447,48.4535952300802,3.93957244282433,0,29.60943668745,0,4.47927719891599,0.405425646311855,1.66196684124524,3.49808274930603,35.5601857492079,6.56425747797268,0.487562097005467,22.6889233061051,19.4807389956841,2.59523996057893,23.6314255500612,22.1360201274456,1.66867515418782,7.48734449745369,1.66767024945078,15.3484306141053,37.4586437745772,2.45955004687627,0.907195344639066,1.70824282830181,0.758624063601359
5.21670927971674,1.69749578051178,0.0957422028730737,17.460599020715,3.22176701786229,3.89707766864096,0,7.22324203027089,19.7393588146523,17.9497817592317,36.68421598748,83.6651764203245,30.2038128042449,43.0002178368269,44.1494702172188,14.6133512577267,13.7186628377325,201.309566105546,3.96957641366835,1.95725215321766,7.15639284836974,12.2525191150248,0.970653034420044,0,0,0,0,75.1124975556026,2.15336859885547,17.5663970765879,44.5567388929159,16.6326838588097,19.8031396695373,3.13132384315084,32.8112231989098,34.1485980411008,24.2161797152792,0.0762117893804973,3.1598272545327,8.09956626847123,17.1925154880426,10.1586784833892,1.28969603607561,56.17944373417,19.4792749284057,101.239118777268,2.40173573703864,0.276331551029936,2.83189601970073,0.687939905371125,58.2629928596732,73.6318917839786,6.08690177202811,51.5277066750267,102.895115052978,119.669716708527,98.9031669648878,138.748418542272,143.068246181732,7.79348165995281,33.3782175989481,8.72825995355897,64.5086660496678,126.08717310823,2.0099352692541,11.8018513702236,131.944939610163,3.59678891413759,1.48079175739166,15.3945480645694,38.4957404234011,84.8020371730677,8.32129094874989,1.515560047199,13.8545564447158,7.90505626427538,49.0740256904688,4.03038777148458,0,30.3951513189856,0,3.57812640138927,0.342265581213399,1.38221202508114,3.00494790321988,32.834843075081,7.3506192217551,0.387392804610674,21.5891812985224,16.9556249114201,2.21633038419342,22.5903050347157,21.2688348969825,1.47528919120151,6.42733360528164,1.43133070958843,14.4726677802237,32.3726143386002,2.12423740024676,0.776776262625595,1.54013485702837,0.650731802928173
7.14724797270823,2.43090721904698,0.148494968289035,24.5045889463287,4.78318306364728,6.02321544625019,0,10.3539943690031,29.8511191516438,27.0958950015006,53.9131397801926,121.253504620369,44.1959666067338,64.2161068563904,66.059575821865,21.2555283864396,20.512846789883,301.997189818563,5.91607999861001,2.96590381548663,10.5348844772583,17.6137714155192,1.4122352777733,0,0,0,0,104.73419723873,3.16820495446909,25.8387579803073,63.2220267584296,24.2698928308879,30.1811809903291,4.68630952863683,47.7089892508025,49.8932528720109,35.0067729698203,0.107501078434142,4.48046596342935,11.237467299288,24.3152434800889,13.9897493389348,1.92561013913074,78.3991380693669,27.7526015886252,135.535048636469,3.66423292957674,0.433894728226907,4.19019745899115,1.02876834484314,79.2730024238023,105.905309129613,8.66647054152605,69.7913482335504,149.583917911574,169.635771124124,134.711455965985,194.652829406905,200.631402393303,10.5070875363558,48.3033429040171,12.2996724399254,88.0931114486521,176.218748366642,2.85287124461446,16.411052030031,181.417004630401,5.18962876924147,2.11655571199488,21.6142488924929,58.576956372591,119.101428230052,11.4472437325586,2.1325439129577,18.1633724309182,11.262042104464,66.9600084604559,5.46631385367757,0,41.1106443510398,0,5.84990120258732,0.544285402069831,2.18547506867025,4.66506665306008,47.8848290812844,9.52756635589073,0.634319176295364,30.8143984744663,26.1168770113895,3.44494078856506,32.082502603099,30.1842121062745,2.21985809234911,9.8610790557565,2.19434936938577,20.7854325507687,49.5035732347702,3.30382454966295,1.20926538143364,2.27548168276764,0.993223391712343
12.5749750144485,4.08692153543225,0.199824948233944,43.0289731409577,7.6329431985165,8.85133970484697,0,17.8959163807359,49.6231898288358,45.4677111139815,92.7366014979357,211.951252848731,76.341709712534,109.501410604261,112.782474407156,36.8906546087392,34.8842606847086,518.28180231553,10.1589036806392,4.56371447585873,17.8132921868212,30.2317553648866,2.45473314492717,0,0,0,0,186.166201825501,5.32500415698181,44.0642772126366,111.731325037137,42.6720165242225,49.3006951097834,7.91022049486161,82.299778202054,86.7058376901747,60.86072793214,0.194674477687879,7.8302245676157,19.9978713981801,42.5546077779485,24.27147127588,3.23174677978348,138.098575934249,47.7074076818918,240.625271900404,5.96875174485669,0.612770238863438,7.125810453651,1.69826268620171,141.35078568355,183.609586360351,15.3583981568386,123.007741527758,255.951414251357,295.123967043224,234.74634535647,337.91700500616,352.095481990909,18.6240813666328,83.6395917204242,21.3837214736661,154.842744921451,313.189193841659,4.85774922118585,28.3084138702572,317.433307655547,8.82869291627397,3.67203094076138,38.1309108409609,96.1918656029901,207.029737590295,20.1925054004531,3.76291170148843,32.0249145703347,19.6307262554692,118.404029312211,9.60644202600674,0,72.7257918038342,0,7.16397645292686,0.727182765590771,3.00081469875457,6.83918265158647,79.0606522249329,16.8076475574222,0.775969730889849,51.4936664183825,38.1944381459825,5.14518429520665,54.7151584073006,51.0995747356935,3.59433577614625,14.3771796281696,3.2554422957561,34.5930022145311,75.4407325939802,4.667478325603,1.73929338086249,3.88391909735292,1.5885869969668
2.82831344418921,0.857625576206684,0.0398164440657953,9.12286219831231,1.51694036068182,1.6442005845255,0,3.64083334283214,9.06173753530877,8.29065094234818,17.8224678562163,41.7971574239186,14.7845498572978,20.3110752080883,20.7834362090824,7.22946931368605,6.47855787546817,94.5100229159997,1.88163823402676,0.87697646630298,3.44205191666605,6.15571048539339,0.478582188540619,0,0,0,0,39.8228225933292,1.0281047012363,8.50416299029981,22.998928013985,8.23836130197702,8.86499237563145,1.46595809016034,16.1825989512662,16.8231844250889,12.1054080072125,0.0408699267719019,1.62709791451527,4.33151670753529,8.88952190438501,5.41899385932745,0.603803256973129,29.6325050487543,9.89641031577513,56.4849916847813,1.07893564011344,0.112127293260348,1.34505236432931,0.322422447640524,31.8971532649424,37.0455010596197,3.12733020862366,28.2609579838298,50.7823475496476,61.5740723624987,53.6730717615014,72.2856441937609,74.9758134166389,4.32173248684735,16.6161845840131,4.5259772036541,35.0289284242844,66.6272329356907,1.02413445945074,6.22121117478159,70.9006420292946,1.79389722307742,0.752951101456325,8.06716966398017,17.4145062994685,44.1779741217302,4.47694806559602,0.791709678511462,7.90322376946044,4.0328601161798,26.6953910742555,2.1997754164933,0,16.706944461048,0,1.22277894197599,0.132274929629364,0.538767042893105,1.25562285322495,15.9071732510754,4.28379661677512,0.13143750520366,10.8466586846471,7.19528613795461,0.929471047298084,11.5133755300538,10.8369102427518,0.677587500930858,2.69549005205532,0.609032905664023,7.19652416714253,14.017832175993,0.871623752028346,0.322055033187661,0.742490261389666,0.285164303142447
6.86709595238532,2.35504176397558,0.133293241196871,24.1717857668595,4.618172717476,5.69164808357318,0,10.3070232272023,30.2415591764521,27.5810782182931,54.6257650339365,122.55969121064,44.7463271498586,65.5449192085582,67.5878241445454,21.473791733134,20.8983097687254,311.02962665814,6.03513572353533,2.838128660064,10.5172217030957,17.4026246754077,1.43182566995728,0,0,0,0,103.475918720933,3.13470630447096,26.0256113438961,63.2723996298815,24.7816447453421,30.3907987496311,4.74639931319465,48.0297154054758,50.5515104474733,35.1859681328764,0.105887992861169,4.42531012260665,11.0462302231732,24.0565603473443,13.4091182450079,1.92799359219318,77.0668890895535,27.3190095442324,128.369339770988,3.68803148358781,0.398358316910005,4.25330730299311,1.02463789298041,76.8411564590214,105.728839843132,8.70274320123529,66.4300522821958,149.281344959585,167.482946328797,127.996173215527,190.100974249064,197.21706410073,9.97612570286188,48.482538092537,12.0810422678951,84.4272290265166,174.413913431608,2.76013338761966,15.7900242571257,174.240235246214,5.12603401251205,2.10502870229959,21.3734400749684,59.1325828363184,116.441468120826,11.1056290055274,2.11196012055826,16.7130486968522,11.1983695741569,64.477302158121,5.21442868340558,0,39.261765690869,0,5.29321697369584,0.498858204873684,2.03004975667779,4.42471789387436,46.6189454819313,8.46584905051117,0.575927176517387,29.6229303114929,24.2164968275391,3.28980171471618,31.2116207138849,29.0940117034105,2.17659430704851,9.07883769293103,2.05346471161227,20.0470154832012,47.1578199356883,2.99159503671622,1.11642155136712,2.29520933350433,0.994728438471788
6.39041331118877,2.23982921435607,0.145289883147889,22.3200711748572,4.45868817998139,5.88404686429999,0,9.56892801671108,28.3933043159035,25.7133510341753,50.3613797797325,112.144281413161,41.2024338388019,60.4605597187036,62.3568317994206,19.7648500370163,19.3271966831663,285.550746062695,5.57886381539932,2.8570249241241,9.89273701090062,16.2859712042768,1.32084973854767,0,0,0,0,94.5156354099207,3.00887471551841,24.1963164083359,57.7164112402868,22.5093231457983,29.1294782483923,4.44571286202337,44.4129496899812,46.3547832344304,32.428641815725,0.0966131047572976,4.11118229060407,10.0712244465901,22.2016189120019,12.6813908225166,1.83205944776937,71.037677690373,25.6445817417404,119.985122716907,3.49642338106054,0.426702509589564,3.97420111094938,0.969559851752194,70.3939407414823,97.7730929573434,7.94458800897919,62.4154409462335,139.063009525945,155.244014686011,120.957210390711,177.517795052831,182.07479287626,9.27757281011964,44.872242241029,11.2360772547891,78.9438913633785,159.341326071531,2.63074691108739,14.9084136034015,163.475291684602,4.79445604706553,1.93800157075981,19.5980614483394,55.8761575119037,108.515171815891,10.2662946027391,1.93947680114634,15.9430975999665,10.3435278540309,59.9501581149289,4.90123529511968,0,36.6749983586836,0,6.47501702352535,0.555845981632957,2.28255586707819,4.63264064932548,45.0519587590434,8.36435025987984,0.706291571458967,28.6910632411569,25.5704703732295,3.39574819505956,29.508703937902,27.8921558547485,2.11814211020977,9.82448972648022,2.17609404810082,19.3478451136652,48.5299298475692,3.27541705869267,1.19024431299602,2.12991705237663,0.974496609645876
7.44381727365322,2.62859048627127,0.170659772290759,26.0792657345185,5.31373006019626,6.9593213403732,0,11.2090873514828,33.4507751250959,30.3392038029878,59.419310849095,132.018948550474,48.4783815344712,71.4197066409862,73.567725225396,23.2332573284895,22.7753517903518,336.603441044333,6.59075564349315,3.360992573878,11.65429904609,19.0781282211696,1.54625755587223,0,0,0,0,110.732800752769,3.51788094186244,28.4530944452165,67.7384614090657,26.5631922593821,34.2457875098503,5.24745283560868,52.0883014841312,54.8004412827945,38.1351848586852,0.115102653670925,4.81045414552638,11.8578678200082,26.0641015108238,14.62159845625,2.14791774102018,82.8971714004895,29.87670308666,138.269671529071,4.13941643209736,0.50903320575636,4.65495557075552,1.14873890191871,82.3012706360625,115.04617869055,9.33197677983911,71.8328773260193,163.365923215731,181.691315622025,139.671683376564,206.878793550052,213.169702623595,10.7992800210024,52.602633635049,13.1311885278474,91.4576631854241,186.60175803558,3.07816019819903,17.2979356525749,189.613714598351,5.63646352015886,2.28717538430597,22.9713823170301,66.0428498331632,126.695998901539,11.9667510475986,2.26928694255679,18.1605614878059,12.1228043328896,69.4441450554223,5.63969110816558,0,42.3053475988602,0,6.98438921144035,0.63635673026627,2.56061834390854,5.37048731661395,52.6704237872232,9.35196262254259,0.75780086403878,33.2924125476726,30.2944373936947,4.00027239584719,34.4931004627765,32.4332376353792,2.50613069336057,11.547090425361,2.55462545842868,22.6286642251258,57.1053452308686,3.876878937129,1.41400222814246,2.52528224029989,1.13457836648561
2.50484370772474,0.822078603702598,0.0488361268670099,8.18359375263761,1.55647238201767,2.04379705999324,0,3.37835574383641,9.25938013141486,8.34501822572649,16.8296450166747,38.321396286372,13.9070968112023,19.6735598481655,20.2689977644462,6.74347818984694,6.32753684996792,91.6796277860018,1.81959608391953,0.97243578971251,3.36810787169422,5.80052602469779,0.448773787992912,0,0,0,0,34.8080916264084,1.04487981260671,8.18875448418786,20.455117825804,7.50915357902233,9.49566829096427,1.46480373060128,15.2602915365397,15.5535942112202,11.1673313221958,0.0358733020378816,1.4951179569125,3.72524489328227,8.02306904929807,4.9818163896404,0.612100512223174,26.3934632815422,9.28771198585592,49.4859493432042,1.13357607649953,0.148065225536341,1.32915312702125,0.321478458937193,27.1571845601323,34.0457898699792,2.80181840986617,25.4140492255254,48.3673274741839,56.4521482468802,48.688673877483,66.2530801788423,67.1806685407459,3.75267053585147,15.5922923806948,4.12916782028667,31.306365544299,58.4885946102284,0.973063450225311,5.75315268027549,64.1156375299186,1.6911598065076,0.676621258662845,7.14754209839986,18.1659761928867,40.386933737522,3.93545148346781,0.706685147381154,7.02023121478887,3.68541890685198,23.6390411973318,1.97792247478913,0,14.8002583474203,0,2.12271270363182,0.18034431750664,0.76492271462076,1.56167521625674,16.1203526066763,4.04905560632762,0.231347770983469,10.7772516831133,8.67949277569441,1.1260968748679,10.8217782867751,10.4426872787301,0.71458692649275,3.46229838595536,0.756983534505437,7.06304908299729,16.5950745994293,1.11815327668179,0.405678165255496,0.705513936606475,0.321529648865525
3.60580076545562,1.34724564855036,0.0943564090693033,13.0627552555012,2.8252759671968,3.92915679673605,0,5.76735590835683,18.1267936430087,16.4132828041604,31.2988077117873,68.3869435944495,25.4294812414521,38.20463655334,39.4840500916077,12.1175154391283,12.1638562912266,180.743234571473,3.53409867242698,1.84030874824253,6.19289014107772,9.84847963852919,0.809029181796864,0,0,0,0,54.8308049633476,1.88811137997335,15.0092527723857,34.2694993855379,13.8513471537566,18.8615934216517,2.83431811766062,27.1870777206855,28.6867406787617,19.769359461344,0.0571382236521247,2.44583949585513,5.82481538205798,13.183245131322,7.18856166394802,1.15793617003924,41.170916420825,15.2724728104091,65.0551162430899,2.26475980951734,0.291602464991975,2.48938892662715,0.613966291433877,39.4734429199493,59.3100249310033,4.75384773718627,34.4453732070757,85.2048325910837,92.092597145269,67.5770188588592,103.771530691685,106.548597867855,5.11743099039722,27.3263416189594,6.61185400013621,44.2541841502545,92.7125289054183,1.57530675138014,8.58272038765595,92.7668849711053,2.91028705346091,1.1670091138247,11.4759890518837,36.060000521958,63.5916415872353,5.83510393782287,1.13613740502676,8.30898205429627,6.18884811181122,33.5617075331846,2.71410492376072,0,20.2275292979745,0,4.08215870669935,0.361465609786242,1.46801682883341,3.01242705082835,27.7956447741291,4.21747267059256,0.443416561051648,17.1860414986154,17.0650682315545,2.26525235837942,17.6022910089004,16.5653646646754,1.3660335307563,6.61507475115612,1.44680255416656,11.7524778475472,32.0867196445454,2.21577932615617,0.803820574794672,1.33643439595533,0.633088258931879
2.90447769061177,0.898461189239565,0.0431401327285918,9.4509874339872,1.61070651446154,1.82519582454451,0,3.8140786814972,9.92268604202706,9.03112523810269,18.9073071681359,43.9779843482483,15.6821240285598,21.8393801423285,22.414339604923,7.63935213936533,7.01979130721197,102.416268687691,2.01577604079061,0.951184409698894,3.65234884621829,6.47233376652202,0.508415904918612,0,0,0,0,40.9450284029065,1.10907597727186,9.08055433318464,23.8723225638594,8.67748166305366,9.76884806554882,1.5740066877628,17.1682013587368,17.6803609790353,12.6875830009808,0.0425347130601602,1.70207670569978,4.40806547990784,9.21436805487493,5.63361256364138,0.655068637831731,30.647791939264,10.3928468173117,57.7763896499303,1.18238898818073,0.125800253865847,1.4521036147182,0.34619053024857,32.2558752913842,38.6408430367599,3.25330575705753,29.2461301096987,53.8091458719141,64.2902463476796,55.44918701848,75.2544875504535,77.5250178626266,4.390276612296,17.5794522065206,4.71005946842029,36.1093354993163,68.6602912475364,1.07074553287438,6.49103931999872,73.3288480659024,1.88239769684621,0.777756642959147,8.32602144237149,19.0792788991578,45.9343163589079,4.58661833176247,0.822826694083877,8.0937735368736,4.20470053347857,27.4645620705237,2.27197704469393,0,17.1720848060001,0,1.58252346997193,0.153269989218501,0.637962503302238,1.42765769000135,17.0439243394678,4.52704851401267,0.171623634328427,11.5421435572226,7.90743881789411,1.04133121266149,12.0164600883016,11.4374805371743,0.731567773592961,2.99749979455285,0.674759426643777,7.58069968718337,15.4619409257067,0.972168329408466,0.356816654358993,0.784626507986244,0.318107012167411
6.02573486212367,2.04160196322136,0.122603019598944,20.5597548933516,4.00170115053131,4.97491246717339,0,8.63997247899239,24.5382362941782,22.2782038724125,44.8226060594078,100.93621069744,36.6719830821898,52.9847623257947,54.3834638688446,17.6603702149113,16.9135434589413,248.362926067047,4.86650743365682,2.45015781544219,8.72748362077781,14.6540694900255,1.17364249584211,0,0,0,0,88.079495520204,2.59525638961606,21.4405872141859,52.9005594057522,20.162885676984,24.745621255119,3.86018775938773,39.5626172056468,41.5712481888622,29.1221361695413,0.0897411619568246,3.73358613711734,9.50638251230135,20.3782303623801,11.6830891307142,1.56992756249681,65.8110544555797,23.1080402980701,114.407561023206,3.01409675269021,0.356790024121521,3.45585254258544,0.856187244215901,67.4281474570347,88.5068665469433,7.22519799702733,58.3878511058764,124.27805951725,141.635846338341,113.169437590488,162.847614653378,168.296128935158,8.88633874995479,40.1095384332298,10.3178311586494,74.0587018518579,147.925755858747,2.38376918665176,13.7380938838858,152.128629616733,4.34369759819,1.78587788400093,18.1448546471117,48.1532458099094,99.6567083577282,9.65127339113882,1.78434601674625,15.3068594975499,9.40265624200131,56.2780822623579,4.58183091725888,0,34.5615744207691,0,4.52635345931596,0.43831260414187,1.74233404100255,3.79861462049212,39.7301826924034,7.78954360015319,0.488857230080391,25.6047095594596,21.6362619518407,2.83246258539632,26.8238468027184,25.1099909170686,1.83396929585984,8.12978927927959,1.81170668054076,17.3403119689784,40.8202928676166,2.73218682357019,1.00167520656976,1.8966900291086,0.812786870320178
7.10078817520416,2.1288099808644,0.0884216700545922,22.87802235219,3.73282257501579,3.92154829336052,0,9.13324055064202,23.1809698729742,21.1532759783605,44.9254610650912,105.696498629441,37.4538145348163,51.6410597691342,52.9559195769296,18.2674168756451,16.6123709399296,242.499227985132,4.77567733965486,2.10702556631741,8.60724100789409,15.4392050419774,1.21391380399163,0,0,0,0,99.9497046465604,2.58800631139364,21.5152975312394,57.9524376991492,20.8640015887951,22.3490060513481,3.68755448314196,41.0012481808781,42.1640954653569,30.3489696738749,0.10398205724001,4.09225238025705,10.7956369479552,22.2513706506916,13.6493483146465,1.53061139624196,74.5278946503315,24.8390034998614,142.038641425898,2.73320532640995,0.262942845239311,3.41015601783134,0.802280362874452,79.256750342207,92.4920594535384,7.88717691194013,71.6324246119922,128.158327400553,155.182390341617,134.987178218798,181.762117482885,188.104250579051,10.8183980967909,42.0379707391348,11.3437477216442,88.1446883527126,167.440474757669,2.54648143272845,15.6545219752023,178.307706422934,4.49441730952636,1.87280182156805,20.239313266331,44.2037798468959,111.034463317399,11.2090614995564,2.00418918531226,19.9670077722011,10.1353711765475,67.1990409355915,5.56035050805204,0,42.1075409876907,0,2.52695174311155,0.290368168572971,1.21380269317289,3.02237537691511,39.7241904841411,11.1688634345843,0.271052850680407,27.2016196872004,16.6983473699401,2.22118369524609,28.6646124374121,27.1381332873787,1.66160778656125,6.20926512409811,1.41946582487833,17.7737695607459,33.4409178397058,1.98790876260572,0.744491929108939,1.85320770690419,0.715923160203939
4.5000762371527,1.47665396991466,0.0842301236139932,15.0293213453596,2.79591364742681,3.49970604703501,0,6.23189518750036,17.1817194137413,15.5728475453941,31.5963394755734,71.8759512696256,26.0287050053305,37.0683474035507,38.1290730961179,12.5936838286611,11.8700369902979,173.771454552996,3.4230928232282,1.71928181005553,6.20173478338688,10.6004573084305,0.839760580740872,0,0,0,0,64.3123273310725,1.88821278155084,15.2076543754717,38.1641079940515,14.2469343521565,17.3844852722016,2.71748968191531,28.3333101259423,29.3043608878522,20.8138156742954,0.0657223372794919,2.73229038432398,6.90538315650314,14.7811084179129,8.83467054655669,1.12311765747461,48.3296167406889,16.8863002231716,87.6062228575634,2.09137798658575,0.248685280242109,2.46451646712776,0.595851644731368,49.7525250310984,63.2834934571797,5.22272422909674,44.8014931587267,89.0437863937042,103.262664213587,85.9812347481417,119.997323428192,123.035450680108,6.70315238970646,28.8523813972438,7.53722559971186,55.846021920736,108.036452822241,1.74720401165754,10.2580511090197,114.380782168461,3.10561058824432,1.26664874361258,13.1956154658313,33.5374161826398,73.2636873103706,7.14785716007095,1.30303749361139,12.0883215284173,6.8026775781964,42.3842041127456,3.50076160783894,0,26.3104340698716,0,3.42727364366697,0.307394235062561,1.27836449054351,2.7041982505,28.8156689304432,6.58898808871762,0.372702295160828,18.9951658115659,15.099799145738,1.97910748073842,19.5670552410015,18.5814596877891,1.29047939693394,5.84468419059883,1.29587382379917,12.6273929613513,28.969036735816,1.9110381154664,0.696838905334381,1.32483755636474,0.578412236103304
5.64449204971319,1.64877777618929,0.0635831193952976,18.0575742485712,2.78619546804503,2.76534652354784,0,7.11746131672838,17.3781503811659,15.9567448105281,34.6405642215587,82.4678766478619,28.9280794465609,39.4105285884059,40.3919279896817,14.1890886149192,12.6436823633163,184.993215064875,3.6691848091903,1.56844351753128,6.61154106157969,12.0432361269391,0.940592823294381,0,0,0,0,79.3446161599294,1.99541015808715,16.5168581160452,45.6574011884888,16.288330254223,16.641932392209,2.80932804183439,31.7302140777346,32.8108037219896,23.7257379483179,0.0840911077035027,3.22469042514933,8.59054815008768,17.5047480772591,10.7998957951584,1.17580942257619,58.9242056312322,19.4229323767324,113.827460831184,2.0222775424148,0.183033504199272,2.60378772188259,0.606981716172284,63.318345158339,72.3117728001533,6.22475190766364,57.0949399225928,99.0491450675454,121.624563914209,107.076051966712,142.850890774932,148.519523883299,8.66031353097808,32.6636787368977,8.9133766320005,70.1049392917143,132.879917947759,1.99242214608172,12.3250385870774,141.504868170333,3.47376094065404,1.46114644402768,16.0056011305073,32.9011236656546,87.2902959764408,8.90393472362386,1.58099973479943,16.0287183510161,7.93760991307752,53.545399128497,4.41971692502392,0,33.6078209909867,0,1.84424976564644,0.21249476263913,0.89035506888377,2.18623718602353,30.3677348322284,9.04289144897873,0.198562402286835,21.0585277866207,12.1555602564534,1.60380304239774,22.400255458961,21.2196537151775,1.25965173802641,4.48304193945475,1.03363618050193,13.7657523254799,24.5318633431266,1.42612824506943,0.531674352746557,1.43047186857921,0.524192118363667
51.5934421146818,18.1238366502143,1.190751614011,180.015914623229,36.0479734743201,48.3906041307857,0,77.1655086275251,227.306149285553,206.370110945343,405.210676704044,902.952208056473,331.203138121935,485.410794049204,501.15935472328,159.168451288266,154.542886812004,2285.86379638388,45.0621097547216,23.2204180690202,80.2490384672633,131.874560041846,10.6112715244453,0,0,0,0,762.561557695871,24.5564437320769,194.490312403038,464.783878033039,181.258678130541,235.097897238527,36.0268427324786,356.994809934453,374.747447883176,262.057228864667,0.789859150995332,33.2950653444317,81.3874744874907,179.490546357413,102.416524347292,14.8629639397674,572.299687388308,207.016516952548,968.750409274358,28.0733304307098,3.55488209753392,31.9359949349389,7.80406920671541,568.160194492389,790.522483337835,64.2032478910731,503.636174663698,1120.63692505554,1251.72883685973,976.819453905926,1431.90531306239,1470.70844289629,75.1026103151193,361.348205813303,90.6422501451557,637.406413215493,1286.20069690496,21.4118458528475,120.293394029059,1322.39862118631,38.6006063734267,15.6187144083388,158.139354806511,449.043599493053,876.120010734194,82.8240146759237,15.5871400519695,128.643199175446,83.4638099370478,484.000878718435,39.4839265720081,0,295.973715661587,0,54.6025887433842,4.60770999723096,19.0339871517322,37.8479809692986,364.848286620008,68.1738148857181,5.96208960470688,232.73068089996,211.69073050158,27.8295967751732,239.26076581707,226.401322944447,17.368933543797,82.5375293901247,18.0655670449256,157.425318621741,400.773685437234,27.3114134908417,9.8659845853157,17.2101147056065,7.86988026027695
11.4968630846974,4.30869577805562,0.296886076291679,41.9963504669203,9.03794745951796,12.4689251807898,0,18.6032571866029,59.1635438007564,53.6982419590132,101.80876573729,222.595292896084,82.729045257815,124.990458462039,129.384086221198,39.4164390261733,39.8076269384623,593.607435375753,11.5571571696179,5.88107468602608,20.0280829503612,31.8066245431965,2.62345954903684,0,0,0,0,176.50974698953,6.12073952940026,48.7589324409743,110.91313809499,45.2854323321654,61.2949587546482,9.23210855942475,88.3795700707468,93.3218020964153,64.1737034532191,0.188961583797034,7.91300709588036,18.6521594157046,42.4389367684773,22.9841781301345,3.78759818515974,132.308583842164,49.2317589613069,206.353759515267,7.36469481890935,0.91698442916969,8.10373589633486,1.98438960069845,125.135669533059,191.572737109951,15.4494041166653,110.115831409929,276.198050752721,297.213961116035,214.808518616325,333.155795091326,342.762875753603,16.2377063791839,88.74272178489,21.2303700169714,141.281893005718,299.066792816521,5.03566229011848,27.471590595528,296.560180416182,9.36473239189817,3.73718007248092,36.9822455696531,117.635047243646,204.333666569115,18.6325412433835,3.66722399826583,26.1124326851259,19.9859306430218,107.253472057778,8.64255575985472,0,64.4270376635978,0,13.1372262603053,1.15383777442338,4.70091261222321,9.64226219609406,89.1932354929842,13.6619104431987,1.4303819717476,55.0083683702913,53.5468408237366,7.18768639282044,56.3277288801219,53.1397607935053,4.40863060788246,20.6710156446495,4.53863518422152,37.4796426961527,101.68594011101,6.89989473362189,2.52222188642094,4.34318765733819,2.04385220139523
10.4920100133043,3.85378983642437,0.281348293766337,37.2692619242232,7.87936984058573,10.9958299343176,0,16.2119012188845,49.0396391472064,44.4275924941601,86.2133351891972,189.564539900669,70.000796044167,103.738320105601,107.031995729929,33.5485172860732,32.9854605103094,487.520964789132,9.598228904785,5.22561635559492,17.168563079979,27.7418614976441,2.2354107289374,0,0,0,0,156.498888771368,5.22566225103115,41.4085876931387,96.317650115309,38.1141250814555,51.4572843473606,7.74961761434206,75.2045382797858,79.4559962644051,55.2192742428055,0.160843654074841,6.9182844223206,16.7106448586507,37.3276888471989,20.9241626847245,3.1860438274144,117.703876045192,43.4355245840526,193.52363670954,6.12102933705518,0.81899487171878,6.82474936413202,1.70416521939557,115.578726977121,166.706513400933,13.3027475775392,100.884524063159,236.867112716617,259.916220747905,198.209906741655,296.272603133703,303.694031318871,15.0818950789927,75.9448398551395,18.8604836719144,129.22648222334,264.087493721484,4.50789995692009,24.7899362144183,269.547401008295,8.17592825932499,3.29091227403442,32.6599287858644,97.615004286828,181.267288344567,16.9130948998539,3.20726108643571,25.2509559545364,17.4078718581777,97.8880781660392,7.94390720751207,0,59.4721078280366,0,13.6592095067559,1.11222338694713,4.54565861967944,8.67607682127148,78.2837374085837,12.8422483654125,1.49376948481456,49.1336871228721,48.5138496152586,6.3338685221181,50.2906705210317,47.5320850854863,3.81235970676032,18.9166868917801,4.14175562333816,33.5991197095026,90.3874376212714,6.34360074890614,2.2803131404749,3.69797671800273,1.73226122174421
6.06732505428841,2.05924140825327,0.123079334489835,20.9138928665511,4.00505085888238,5.06459269108832,0,8.85193697110468,25.5644273765744,23.2412781199147,46.1606022186174,103.958662242241,37.8959413496782,55.0893209907107,56.8151191562033,18.2406144687745,17.5910405546667,260.134628762913,5.09574020196053,2.50927033026361,9.01500602041145,15.0468387272434,1.214188934739,0,0,0,0,89.3234114515383,2.73187853237055,22.1146806165448,54.0692614204982,20.8646953582492,25.9261612180471,4.03705354185626,40.9035597117246,42.7486366107695,30.0243534377995,0.0928906282382165,3.83728584452564,9.5468026134802,20.7453150367021,11.9409726963322,1.66301132499218,66.8386237697607,23.762539477709,115.136739366522,3.12488741041163,0.360591925048151,3.60740605894242,0.871524970738578,67.0876105243236,90.5158201138214,7.4501479149013,59.5729805561835,127.913755479019,144.887420813347,114.525889926989,165.954547306834,171.049959685345,8.90525941127402,41.4425394882175,10.4760706844667,74.9620093236194,150.493749360007,2.42726289201412,13.9566334038582,154.560412330611,4.4123168877734,1.79488498721315,18.4306807378706,50.0966695082804,101.549157787552,9.72461565206798,1.82284284687207,15.4103678435474,9.63015983507538,57.0364311291656,4.66088525448907,0,35.0056426610066,0,5.26587407302522,0.468171914492787,1.91643301863063,3.97768434637881,40.7880796109524,8.24483700381026,0.574262005421057,26.2788915151233,21.8197827909288,2.91299752775105,27.2825373562589,25.7461280926037,1.88950671908036,8.30951333560617,1.85564212231569,17.6413251089523,41.9360880140016,2.74242094569532,1.00882270731499,1.94598358734569,0.857053395273385
5.35607867856467,1.55477221224515,0.058319931771898,17.2670982819402,2.608996539737,2.50947286981919,0,6.82437636278566,16.5870108667954,15.3227473502087,33.3725769797136,79.5522450599377,27.8731665999579,38.0664054515935,39.067178173591,13.6766842296899,12.1393339931318,179.099799709812,3.56826775587472,1.47715003583463,6.34013044996716,11.5127743981825,0.905048541631456,0,0,0,0,76.148097950072,1.91753178995122,15.8112216992128,43.9489219732287,15.8044793860336,15.8744236613937,2.72009223971897,30.4778502644858,31.7884600040746,22.9645742078145,0.0817123007921085,3.09332790347503,8.25098456627065,16.8215716616705,10.1984313181182,1.13441724504794,56.2360360479447,18.5241209533896,107.427415770004,1.92975325411981,0.16475753086685,2.50521759655589,0.578204296508977,60.3789300131563,69.6006970495189,6.02242326631273,53.9372265935494,94.7467924562491,116.276812580889,100.87971543477,135.822725494322,142.033799640632,8.21595389591671,31.3939222133498,8.49419661474237,66.3373038115184,127.606661173644,1.89204058653061,11.6329275673644,134.107480780004,3.2940565206676,1.39844186277544,15.3376508475768,31.3675182678261,83.1510499420785,8.46894365686809,1.51462213041069,14.9768052039764,7.61521057699624,50.8010956946675,4.17005564167556,0,31.7797321346685,0,1.59557596127335,0.198709300143621,0.813164013609209,1.99550492609187,28.6394093710009,8.42955479751578,0.171290600109161,19.7573876771935,11.2940475670566,1.50752510343705,21.2840893100154,20.0752467680613,1.20450504523459,4.09680939984002,0.949320956829761,13.0224450297073,22.8669487023023,1.29939185813795,0.487920628420107,1.38009133741608,0.495737280579515
2.14358467910273,0.672464243867109,0.0312674634924708,7.08841620298937,1.24578030268985,1.3967249665463,0,2.90529662019223,8.00258003637065,7.25831608051797,14.7614014758612,34.0505090840522,12.2572302994295,17.4121978667491,17.9016003000426,5.92196732797966,5.62517728306848,82.4516720322423,1.60045644572722,0.714171509774267,2.82882737880732,4.91732460818753,0.394680960240761,0,0,0,0,30.6799062162733,0.855352717408955,7.09444849422458,18.1872326402045,6.77378676297104,7.77822941083694,1.23999839323575,13.3424033915307,13.6534288365819,9.70590509347663,0.0321418834499744,1.28330368780573,3.28293638658824,6.93849031181089,4.16752078176157,0.516587385919509,22.9769728534478,7.84811235942857,41.9819626756067,0.955123401831607,0.0951181279953315,1.13982632463337,0.269388320386506,23.6112123273554,29.3972945158236,2.48450337248431,21.5403725893744,41.598157039866,48.7997338889213,40.7032664649537,56.5136438437404,58.1989861383591,3.2085015783291,13.5655612275382,3.53218652337885,26.5984754555428,51.548129220263,0.797474892340757,4.82591951523589,54.1576319587671,1.44398346649056,0.590087142713518,6.26428903284385,15.3860989233971,34.5218410592139,3.39728136124695,0.625467507455816,5.82256857375294,3.20062424940165,20.2474068729206,1.67512816221877,0,12.5952063912756,0,0.984460902794342,0.104932816608243,0.438106241283312,1.08437385048421,12.9659117961432,3.27250946415715,0.106015893133019,8.64464835613681,5.80845849681244,0.788038430248199,8.98861703470285,8.53118479705885,0.558646996081569,2.15472028965175,0.491292147580543,5.64519788123799,11.5722981757845,0.703151985430667,0.263845791832872,0.60975540956705,0.251743061145044
9.34624605779077,3.12352405093073,0.166987880704005,32.2411322209733,5.98955521833599,7.35143457722425,0,13.5802709642727,38.9451044494174,35.5498188019185,71.0987585217612,160.827783869436,58.3771337216094,84.7486677320197,87.446807534565,28.1466456863911,27.0347760096432,401.600029008947,7.86204270454831,3.67641243651303,13.7532091467559,23.042249640859,1.8737612122391,0,0,0,0,138.422480089313,4.18360932139252,33.9035500705771,83.7307710822452,32.3978061844127,39.1925741242831,6.17033922115716,62.9563319986861,66.0610068858511,46.2718580188244,0.148302717685302,5.93627748642617,14.7940024919172,32.0225600945104,18.2287496951176,2.53290537849077,103.105951158759,36.2416984826184,177.273308409422,4.72771576049426,0.517773076956958,5.54383111341123,1.31999911623682,103.546545354482,139.113770369862,11.5777113738789,91.7194192918795,196.213845059546,223.107441574518,175.38365039477,254.657945227968,263.799236764421,13.7250914719601,63.8787395790545,16.1065060969479,115.316269053105,233.290399251833,3.7047417057804,21.3613959576175,237.597923147373,6.72166149164829,2.75289774104405,28.4721388006806,76.0134818852089,155.998173732577,14.9658613364966,2.82206364786791,23.5837385336747,14.8249170528538,87.8785740158692,7.15179646290093,0,53.8546124495382,0,6.1713421406333,0.609249091726982,2.51721010214038,5.62528853283603,61.6834398588627,12.7881958484524,0.667844621034811,39.7926907575995,31.6875251103741,4.26259184789922,41.5353767332114,39.1551201555276,2.85413607102346,12.07673029898,2.70220438851049,26.6761699670657,61.8443408564242,3.93689600647219,1.45936429567797,2.99039695489595,1.28214389587107
3.36713615220217,1.09926020487663,0.0595816403937928,11.3528213659262,2.07023240493934,2.5078700141474,0,4.72070144235531,13.1314728965437,11.9425648137389,24.1642130410555,55.1243068396065,19.9429393627571,28.5342950610417,29.3923596189226,9.63342628731884,9.12979092523092,134.49001196258,2.64200044792162,1.26497552681942,4.70585151621057,8.01200238053521,0.641524958336471,0,0,0,0,48.8089884609961,1.42380483088263,11.5854207374583,29.1502543697857,11.0057828199443,13.1587724364331,2.07924739795179,21.6167714104218,22.4623573126344,15.9018592220067,0.0505498779521586,2.06720658735762,5.23359359362678,11.1914821807934,6.58711535982508,0.859207097702661,36.5022030894562,12.733921649376,65.0831825579753,1.58868962774822,0.175182272142826,1.87369025390485,0.449463241094936,37.3309811134371,48.1082394046601,4.00115728623836,33.4005164472018,67.5916290963655,78.1402493598006,63.7890817321448,90.1836265463656,93.0100414307034,5.00730439146929,21.980596659074,5.66640491314103,41.6877464640817,82.0883333487786,1.30298154479668,7.64024085727955,85.4339592692886,2.34437218073796,0.960305216759254,10.0104356461235,25.5394379639956,55.1517340232814,5.37083942572044,0.990773935106283,8.87548192585453,5.16793464154506,31.7386681858361,2.60833954889619,0,19.6246069726065,0,2.39594764339988,0.219608461891207,0.913346076906027,1.96524724991693,21.4127472108778,4.8268993131458,0.260876805091723,14.0573174722173,10.7440332962364,1.433420602884,14.6432631618255,13.8299928875256,0.960834123104921,4.0926597320074,0.917144549140376,9.35059084096717,20.9162047173581,1.33747933306785,0.493073377214821,1.01101293140958,0.432643087791888
5.16593622878916,1.52953574810489,0.0634857958474604,16.5242285710684,2.63888973594997,2.74331080598667,0,6.55243335074871,16.3168435409992,14.9373287816223,31.9668473036257,75.7380302551169,26.697154028707,36.5985273033798,37.5601395324359,13.0709632237673,11.7518296895872,171.568296203121,3.40152293064049,1.51131168276592,6.14769171124937,11.133878079858,0.864539510682191,0,0,0,0,72.3628152218239,1.86558710960484,15.302696080565,41.7375635723348,14.9355207406499,15.7340009592085,2.62577275800286,29.3096186113885,30.1683754497979,21.8325602394831,0.0766217156704509,2.96240492289042,7.81471036616587,16.0424306931578,9.95493730702763,1.10011580034356,53.9090361874012,17.9231889202602,104.026566071894,1.91641592095118,0.18391971188255,2.41858618193679,0.56475892352233,57.5075996753546,66.4470523272273,5.69764068680909,52.4464145078079,91.7116619019706,111.917270576635,98.4309485151116,131.424661953192,136.096553393352,7.91268816229878,30.1261047166461,8.18094250581976,64.2748676677934,121.286349600339,1.83982208451082,11.3619444685943,129.953316189342,3.21294185390847,1.33679729133747,14.6344915119917,31.091320999688,80.3000505860748,8.13843000203928,1.44636150915638,14.7069165944891,7.29618220617812,49.012109511861,4.05770928162278,0,30.7727585848967,0,1.8986080542584,0.215661091842167,0.887698481495508,2.13421691774,28.4124406053311,8.41325081422357,0.204223984014357,19.6386877058037,11.8697715067795,1.56825511107381,20.7008115562051,19.6791338840081,1.18967196416014,4.39753140919699,1.00384385196313,12.8106761224131,23.6811814740735,1.40583936299905,0.525812761243878,1.3212286627423,0.501515910560884
2.08420205044173,0.640102988462839,0.0303533973194264,6.71731714297017,1.15289294862581,1.29901666937774,0,2.70117328606282,7.0059970351362,6.36650769237881,13.3262487907953,31.0749235561542,11.0716519808779,15.3837170385375,15.7842348704942,5.39588070437848,4.95182714764572,71.9785072499403,1.4174948868708,0.668867579425582,2.57979887689496,4.5912734236107,0.357740500922413,0,0,0,0,29.143118708339,0.783624743044756,6.41296924914676,16.9266899272008,6.11455132406885,6.85988090496546,1.10939984365876,12.1461644971926,12.4475686382027,8.95469347026409,0.0305606276493456,1.20897951088037,3.14118284629435,6.5408180950243,4.04318170434048,0.462558459848958,21.8376681910297,7.38422327029865,41.6156691748585,0.836110111964725,0.0885596521753541,1.02099021369534,0.243134717215432,23.0389325714168,27.315261798811,2.30779980752993,21.0852629057512,38.1604012714977,45.7979397615728,39.8968757233784,53.7147237785534,55.2510542908501,3.1651226906224,12.4420312599305,3.34901335444643,25.9397242049118,48.8577002734912,0.761136455842159,4.64962334076441,52.6011140904527,1.33942323035526,0.549993786033232,5.92317331756314,13.4938508315356,32.7922773868787,3.28156274355296,0.586132957160864,5.87914148835112,2.98560387737066,19.7035131883714,1.63580840464474,0,12.3493613491402,0,1.02114233603867,0.104483366048672,0.43066863563524,0.99835463586261,12.0955038267169,3.341399260597,0.110271330379196,8.23687486508267,5.50810296708759,0.724291811905116,8.54463685756254,8.15145931156092,0.514227143605492,2.0807375623855,0.467910101814104,5.3777668451672,10.793579707868,0.672657463487883,0.249841263852744,0.552931039518869,0.223227860416868
12.3869764882891,4.74366086313619,0.350934477838321,45.4549066134418,10.1006569195967,14.3059350088962,0,20.2686778910998,64.8599348363302,58.7258588285664,110.912137203399,240.901809611944,89.9177539360195,136.117185800456,140.812572947707,42.7818333644616,43.2942342798891,644.10421296932,12.5734657578689,6.65615583238599,22.016649869611,34.6712182481018,2.84850671689355,0,0,0,0,189.967607806713,6.6967450068055,53.2175935052634,119.657151255136,48.9179957183073,67.8561465264032,10.1380989329591,95.9657744656907,101.469284246914,69.7365151175836,0.198425592114359,8.54453945369805,20.1312220896639,45.9878946360578,24.8721274722197,4.14574301057319,142.78465668991,53.7112153204544,220.906176096197,8.13802793618443,1.05897596853947,8.84336656530543,2.19270444327222,135.123453392436,208.826959234382,16.6394109013622,117.762509817168,301.010011189286,321.858341388826,231.966057942069,361.285406761834,370.607950448746,17.4449566770762,96.2672667549152,23.0464418533663,152.002999367344,321.674001692235,5.51642456741416,29.7624153672521,319.818115311828,10.2689835243765,4.08658480051397,39.9347925185829,129.590655680777,221.486002171784,20.1194248469415,3.94783818702559,27.8751421727559,21.6857938834428,115.198675715061,9.29133158516616,0,69.1177269173513,0,16.1932386322082,1.37472345828541,5.57956115463897,11.0881684854136,98.4875905904193,14.0394886582508,1.76652451039344,60.4143901447388,61.5639090106884,8.18982178497213,61.7014084329845,58.0712331289391,4.89816341522963,23.8637953468792,5.23071599408166,41.4250738597983,115.641010221274,8.00259465722534,2.9177911028289,4.75518826638674,2.28117368579626
1.51856583513911,0.439638209615195,0.0183227004926236,4.75385711830504,0.748151019380152,0.773906414883273,0,1.86369701509972,4.49999758935402,4.10415716842043,8.88380005038117,21.2186352517758,7.45870758301247,10.0776192602455,10.3329736348407,3.66439645929432,3.24468859313649,46.9990680197917,0.937171782336687,0.423192931097493,1.71852350314352,3.16780734706486,0.242239007286271,0,0,0,0,20.8189906164875,0.528743455134771,4.27536625143087,11.8583611323158,4.1434751059629,4.3254714438946,0.725073253869572,8.25687021731039,8.37651952201394,6.14110161778459,0.022042351956943,0.85016959574785,2.25017165282962,4.59424959759323,2.93826298140582,0.307414036845034,15.5739219360519,5.14900347683693,31.0265590710274,0.52733559958401,0.0515472329142567,0.675524466427936,0.156571775281536,16.7791173031225,18.7526250556228,1.61723017466698,15.6343136208094,25.9179586034946,32.160186324301,29.2465749567234,38.1100940380638,39.2217652219466,2.34676765710013,8.51759356212131,2.35582230005659,18.9758104564856,34.853182046879,0.53133564406998,3.33248121293961,38.2563051778669,0.911439190952189,0.377044469842314,4.19583964893136,8.55084820871652,23.2556229152842,2.37423055296054,0.415873432468634,4.47851933874413,2.07972528323198,14.434319583986,1.20727089901422,0,9.13039081444925,0,0.553079829297323,0.0601703651190657,0.252336818657664,0.602669374461166,8.13920156661441,2.6337256770059,0.0596131252486193,5.71800079794067,3.31347555403854,0.433470069634722,5.95860631439954,5.72008303815894,0.330472648123015,1.24377475685488,0.281844375117909,3.68793801899324,6.61411599520506,0.392509366519486,0.146313486206194,0.364973251887773,0.139341805434741
7.13926421809076,2.45047656784512,0.149206275102954,24.7577852398219,4.78182586555395,6.16808914754637,0,10.5230212855015,30.73922474023,27.9283540283079,55.1425743516674,123.761324990088,45.2031068293426,65.9871729303728,68.1074311326474,21.7529157243339,21.0858229076893,312.123954610153,6.11101502645089,3.05019989285995,10.7936239865794,17.9345267404994,1.4503187919428,0,0,0,0,105.365856007391,3.29688004706022,26.4422584893592,64.0252680658413,24.8640131151479,31.379386185522,4.84555075913718,48.7927884915408,50.9792890679765,35.7650147970628,0.110530241981107,4.56407274687286,11.2263622417908,24.5724141495813,14.124409812151,2.00300068080464,78.9769608539043,28.2592303730287,135.083172021354,3.75900441160129,0.444283283778933,4.33523435261969,1.04440579114666,78.5845200797508,107.645428461462,8.83988463952278,70.1742479138732,152.590614364773,171.810903648144,135.023929497037,196.610748758391,202.237513218806,10.4273677365124,49.4115383188042,12.4228466682112,88.3248232017619,177.692658933997,2.89469549840462,16.5393431349284,182.529103627645,5.24714977861581,2.12490064187042,21.7838980393734,60.3003633013817,120.244511155566,11.4448373973894,2.15677641705843,18.0359346024225,11.4262762425752,67.1542569482638,5.48787539566061,0,41.164539103017,0,6.50745885489288,0.572491252962633,2.35785808842842,4.8484381286362,48.9627186559203,9.73791928236765,0.709547906047346,31.4546025025148,26.8053078143869,3.57390141592549,32.4401909358366,30.7292524905903,2.28844509709675,10.2902948250485,2.28777906465038,21.1118547746661,51.3837376470744,3.40035723165789,1.24229316922366,2.33010757094728,1.04255946015035
2.13699873787363,0.628810512853321,0.0279042130162894,6.76426831575227,1.0854076986527,1.13985750058918,0,2.66981661095371,6.49360296852076,5.91324100519354,12.8096891963433,30.3358560060483,10.7067874346805,14.5177875627949,14.8486676730111,5.24566143041288,4.66452891359084,67.6355646704558,1.34448710838858,0.617733469201517,2.47010981323935,4.50521285519294,0.348766006822628,0,0,0,0,29.5378979504048,0.748823429296088,6.14935493939369,16.8976903547745,5.93143171108832,6.28765888125865,1.04194928226651,11.8061181236872,12.0500465350373,8.78564761613167,0.0302396894778129,1.20253094233317,3.20330648207844,6.55129089252778,4.11580196122568,0.436228136109214,22.0815946695061,7.32597191804637,43.3352258090352,0.765403768521494,0.077032744173872,0.974261295978424,0.229982731672435,23.8761476120936,26.9061711721583,2.29269323528673,21.7260454857987,37.0193161827341,45.6025754294405,40.9705373524409,53.9546292055335,55.600272750456,3.28543235440381,12.1544750021897,3.35529129506331,26.5971939949732,49.3828394440533,0.756918473337149,4.69195236547347,53.6560548637147,1.30741940276817,0.546393758011325,5.95980660110486,12.3549586345173,32.9128134333259,3.35753071023142,0.589260372644979,6.19110689312257,2.96270757833394,20.2441467300406,1.68679982755842,0,12.7665405966646,0,0.908550264280354,0.0922790087636984,0.386601814808723,0.89727172495356,11.6625718393457,3.48152984032766,0.0982450946834787,8.09096447347075,4.95909587451577,0.645221238295077,8.48996110840712,8.08299686935092,0.477476389620273,1.86413928774815,0.422319947116347,5.28115481599261,9.77394463126374,0.59758330311911,0.219562913352275,0.527661879981031,0.203814733657338
6.73972760969423,2.22933364941382,0.132393960429585,22.6054069302119,4.22426682091171,5.33417919856931,0,9.40130063129786,25.9064527027024,23.4962787521743,47.7064309750452,108.344704376025,39.2532211618423,55.9490124006462,57.5436482016043,18.9903885020554,17.8778351806974,261.997760232215,5.18388234444094,2.65748237139663,9.39444961511841,15.9898554396106,1.26645800930993,0,0,0,0,96.6485394979696,2.85620265388521,22.9377550168341,57.4342340365765,21.4980084127866,26.4145842812582,4.12228710691142,42.6571063907952,44.3439361078281,31.5042031573395,0.0985801209150666,4.11086908404868,10.3947213478857,22.2825148047313,13.2281009310471,1.70312577816616,72.5424669741686,25.4790641585213,130.682904235899,3.16034837105299,0.385146215370332,3.71885502105328,0.905687725835233,74.7296143542953,95.7279744648313,7.86403896193564,66.7563648393956,134.126067545686,155.131913608758,128.470994335232,180.135490419137,184.933998153092,10.0282804818634,43.4615507412711,11.3339910803343,83.4893391092395,162.348960804951,2.64228046746411,15.359631101198,171.265754416741,4.67945178563834,1.91566110912153,19.8433789839767,50.6349191077659,110.032085184639,10.7219657975372,1.95580623660427,17.9412136108233,10.245626603725,63.3871897472783,5.2219990746817,0,39.2841534946124,0,5.68489192046434,0.49584479276057,2.05268164478026,4.18205327810018,43.5274249605783,9.65669545840683,0.619332636428393,28.5868446785954,23.4029771933486,3.05696041219374,29.5291487067551,28.0061389635592,1.96947800407889,9.06832361336255,2.0046568046408,19.1184675222941,44.5455107141354,2.98752603897384,1.07949930177281,2.01023704467791,0.880923484197815
20.6300845009275,7.37573677646254,0.460780138029453,73.2212089448094,14.8930293411416,19.7333837418819,0,31.6227639734927,95.3934061101044,86.7027082046399,169.081694850499,374.954107952865,137.813735625463,203.803795480936,210.392622392119,66.0227913969491,64.9191929187797,963.454991840158,18.8222493815978,9.44745696893923,33.1664174800794,53.8896749115851,4.3958983938696,0,0,0,0,310.505699236176,9.98176016500484,80.8849595639986,191.198891379536,75.7609076175323,97.9127836734344,15.0108258434871,147.743633019872,155.99115682656,108.015100847542,0.322621752190058,13.540181618275,33.1377291929187,73.1866182545151,40.6892239837619,6.10785533188377,232.310417893584,84.0400112787007,380.986047914862,11.7800898743753,1.42397215290644,13.2570110357414,3.23846930985242,228.443181730289,325.313466359081,26.4125980238641,198.587840413605,462.615791675638,510.769340351779,386.390600538017,579.36261572605,597.904900328359,29.7576858160974,149.010173854161,36.8291085082344,253.719410074221,524.048460717621,8.61861748401009,48.1615625881019,527.048847618124,15.9265984416708,6.44641999789298,64.5668006883314,188.589369251306,354.879006948302,33.3413627271885,6.36691313181634,49.4330105814732,34.2161755474892,192.929381412412,15.6139015494438,0,117.120420373822,0,19.1154630395861,1.74955824400407,7.13123662316249,15.0449600430821,148.247489056804,25.188595344728,2.07680139134296,93.3873007905397,84.5179255435741,11.2547096191557,96.784992332751,90.6706067249906,7.09922162528487,32.5418577829877,7.22050885619475,63.4117830434106,161.591112810782,10.7597715596077,3.96288606470162,7.18604210627829,3.24649928350323
5.51480683852956,1.82499997065833,0.0939786629915262,18.9731437045113,3.48170349099343,4.18739290291467,0,7.96525551061447,22.740335980956,20.7621268402631,41.5717092011908,94.4129365265879,34.2306247154524,49.5524564297802,51.1307986627797,16.4947500349143,15.8275814640679,234.947814242255,4.58459700951523,2.10490825011337,8.03077422116795,13.5118794826962,1.09680222619841,0,0,0,0,81.6508025654385,2.41760374899227,19.8425082319736,49.3421117224925,19.0119750667202,22.6852669291101,3.59186721914182,36.9212896469309,38.617775021142,27.0868574439265,0.0853941799097225,3.4721389175725,8.72041455156178,18.7773857755343,10.7702425493739,1.47316072627838,60.8463614381597,21.2763068597848,105.100391010858,2.75074115793797,0.289636899405849,3.22428437877372,0.765057260181656,61.2891553098386,81.5018024314813,6.79755022192237,54.267314229155,114.925754460663,131.156341070395,103.540844011445,149.900468566071,155.336288969978,8.12215830703322,37.4107015230678,9.45911265420214,68.1151665700672,137.586642935321,2.15843025774054,12.5662572774413,140.008678710126,3.9522737691134,1.61864832130399,16.7926815652526,44.2716783141575,91.7832212862982,8.85446745552119,1.66247769053759,14.0263588202381,8.71800598646465,51.9981176063507,4.23755698061254,0,31.9204810973528,0,3.45870801738231,0.345130308826938,1.41957283278842,3.21391982283794,35.7958644909739,7.52988029937539,0.37503353469569,23.2049090881377,17.7009113494466,2.40073418766008,24.3562069999482,22.8523430656621,1.63636904721961,6.67917787660748,1.5101012163939,15.5063225235526,34.9040313727881,2.16898216190577,0.814411610375338,1.73970835386818,0.738103418875403
3.25991625720837,0.940709771312506,0.0345393968226573,10.3766117068426,1.57737001450366,1.51890864652501,0,4.07168821147864,9.79439440548807,8.99669338631196,19.6690742964407,47.0235828794312,16.4736942291172,22.307045238609,22.8473375146409,8.08240867081987,7.15331509094579,104.561728528994,2.07325841742076,0.875645565665455,3.74626091004892,6.8755059861446,0.535517969817267,0,0,0,0,45.6992182585493,1.12382378390433,9.37780917956076,26.2069085946677,9.26909250706797,9.29410833862265,1.5835485445119,18.097785601627,18.6455313738413,13.5335705340944,0.047387456813629,1.84346734359721,4.95163207819066,10.04063246713,6.23344291364056,0.660514224174146,33.9381590823316,11.106858471461,66.0529375061133,1.13695071103109,0.0981183626177076,1.47389240698691,0.341527980426493,36.6975623453228,41.2762454925213,3.56194083152,33.0508928573757,56.412308095397,69.7671020850236,61.9102560593942,82.1242589595276,85.3878052954866,5.01927216389429,18.6276375099124,5.1146300722319,40.5102963758955,76.4788524615427,1.13601935280064,7.09104733300444,81.5984025116964,1.98375067627959,0.83746879963873,9.20445282188193,18.4814785716358,50.1671851542373,5.14665453278491,0.908356991357269,9.33633181744839,4.5505817139047,30.9712874457942,2.56108861447289,0,19.476764476569,0,0.831612760398066,0.110463976900634,0.456691204125409,1.1837498997884,17.1970118750423,5.22950180547851,0.0885500985226232,11.9937915442069,6.61882917446059,0.877159073080794,12.8272258603779,12.1047657735675,0.701909887086605,2.40596904583261,0.559176455706837,7.83273158050446,13.4412770603694,0.761079418089631,0.286760802124299,0.807480320604199,0.292257036228797
9.81477620603283,3.23267752768071,0.179497810739922,33.3078072316991,6.14278498071333,7.5221640194312,0,13.9124616534192,38.8540024388413,35.3926011613548,71.4996236778387,162.607741261129,58.9021318541867,84.5243614096247,87.0865914158567,28.4382086064416,26.9645013167306,398.133910756352,7.8394922131092,3.76663517528927,13.9420617869138,23.6032640878563,1.89313986073682,0,0,0,0,143.112927752558,4.21533497777567,34.2116576122701,85.7000949444861,32.5215181514064,39.1124490938345,6.181191264255,63.7293554332771,66.5504401475859,46.9940676303717,0.147787965678932,6.07249750893907,15.3589754062805,32.9404227712817,19.1710039531651,2.54199999142861,106.866981957573,37.3925640636417,188.596983017967,4.7225350343082,0.53231169943164,5.54872750046846,1.33352608055239,109.142452861199,142.053881289342,11.7779909614412,96.7984950514443,199.285200545119,229.373140033741,185.379516547031,264.06621966055,272.778901827914,14.5558644053776,64.7753841791892,16.634624035428,121.273840397568,240.731410501458,3.83374742068146,22.2950666352233,249.013339037056,6.89782190315942,2.83347645673662,29.3803796216153,75.7753148147558,161.595688362753,15.6846978588787,2.90174177455989,25.5172806370218,15.2021799555885,92.3835679318389,7.56458646211839,0,56.9730774625079,0,7.24696311699153,0.665481335234768,2.74640767625437,5.85286509372376,63.1633035362631,13.6906310353638,0.788773046430521,41.2181672293867,32.4462569841713,4.31619687385302,43.0747949230173,40.5726438209948,2.87315898981961,12.3858416650233,2.76445414998806,27.6006309899692,62.8164631472293,4.0466247300037,1.48977012085173,2.99942789301355,1.28668688769336
